{"_default": {"1": {"name": "neal", "pushups": [1627282800.0, 1627448450.4371762], "curls": [1627462113.939831], "jumprope": [1627463681.813803], "skydive": [1627369200.0, 1627282800.0], "gym": []}, "2": {"name": "james", "curls": [1627461773.580396]}, "3": {"name": "jim", "skydive": [1627463764.39657], "gym": [1627492884.3148773]}, "4": {"name": "bob", "gym": [1627493017.765941], "pushups": [1627502016.0042732]}}}